Category	Name	Skin_Color
subject.People.Historical_figures	%C3%81ed%C3%A1n%20mac%20Gabr%C3%A1in	Blanc
subject.People.Historical_figures	%C3%93engus%20I%20of%20the%20Picts	Blanc
subject.People.Historical_figures	Abbas%20I%20of%20Persia	Peau plus foncée
subject.People.Historical_figures	Adam%20Smith	Blanc
subject.People.Historical_figures	Adriaen%20van%20der%20Donck	Blanc
subject.People.Historical_figures	Agamemnon	Blanc
subject.People.Historical_figures	Akbar	Peau brune
subject.People.Historical_figures	Akhenaten	Peau plus foncée
subject.People.Historical_figures	Alcibiades	Blanc
subject.People.Historical_figures	Aleksey%20Arakcheyev	Blanc
subject.People.Historical_figures	Alexander%20Hamilton	Blanc
subject.People.Historical_figures	Amda%20Seyon%20I	Peau plus foncée
subject.People.Historical_figures	Armand%20Jean%20du%20Plessis%2C%20Cardinal%20Richelieu	Blanc
subject.People.Historical_figures	Attalus%20I	Blanc
subject.People.Historical_figures	Attila%20the%20Hun	Peau plus foncée
subject.People.Historical_figures	Attila%20the%20Hun	Peau plus foncée
subject.People.Historical_figures	Augustus	Blanc
subject.People.Historical_figures	Aymer%20de%20Valence%2C%202nd%20Earl%20of%20Pembroke	Blanc
subject.People.Historical_figures	Babur	Peau brune
subject.People.Historical_figures	Benjamin%20Franklin	Blanc
subject.People.Historical_figures	Benjamin%20Franklin	Blanc
subject.People.Historical_figures	Boudica	Blanc
subject.People.Historical_figures	Boyle%20Roche	Blanc
subject.People.Historical_figures	Boyle%20Roche	Blanc
subject.People.Historical_figures	Breaker%20Morant	Blanc
subject.People.Historical_figures	Caratacus	Blanc
subject.People.Historical_figures	Carl%20G.%20Fisher	Blanc
subject.People.Historical_figures	Catherine%20II%20of%20Russia	Blanc
subject.People.Historical_figures	Charlemagne	Blanc
subject.People.Historical_figures	Charles%20Sumner	Blanc
subject.People.Historical_figures	Charles%20V%2C%20Holy%20Roman%20Emperor	Blanc
subject.People.Historical_figures	Che%20Guevara	Peau plus foncée
subject.People.Historical_figures	Claudius	Blanc
subject.People.Historical_figures	Cleopatra%20VII	Peau plus foncée
subject.People.Historical_figures	Cleopatra%20VII%20of%20Egypt	Peau plus foncée
subject.People.Historical_figures	Constantine%20I	Blanc
subject.People.Historical_figures	Cyrus%20the%20Great	Peau plus foncée
subject.People.Historical_figures	Demosthenes	Blanc
subject.People.Historical_figures	Edwin%20of%20Northumbria	Blanc
subject.People.Historical_figures	Eilmer%20of%20Malmesbury	Blanc
subject.People.Historical_figures	Elagabalus	Peau plus foncée
subject.People.Historical_figures	Elias%20Ashmole	Blanc
subject.People.Historical_figures	Francis%20Drake	Blanc
subject.People.Historical_figures	Franklin%20B.%20Gowen	Blanc
subject.People.Historical_figures	Frederick%20II%2C%20Holy%20Roman%20Emperor	Blanc
subject.People.Historical_figures	Frederick%20II%20of%20Prussia	Blanc
subject.People.Historical_figures	Genghis%20Khan	Peau plus foncée
subject.People.Historical_figures	Hannibal%20Barca	Peau plus foncée
subject.People.Historical_figures	Hasekura%20Tsunenaga	Peau plus foncée
subject.People.Historical_figures	Hatshepsut	Peau plus foncée
subject.People.Historical_figures	Helen	Blanc
subject.People.Historical_figures	Helen%20Gandy	Blanc
subject.People.Historical_figures	Henry%20H.%20Rogers	Blanc
subject.People.Historical_figures	Heraclius	Peau plus foncée
subject.People.Historical_figures	Hern%C3%A1n%20Cort%C3%A9s	Blanc
subject.People.Historical_figures	Ike%20Altgens	Blanc
subject.People.Historical_figures	Ivan%20IV%20of%20Russia	Blanc
subject.People.Historical_figures	J%C3%B3zef%20Pi%C5%82sudski	Blanc
subject.People.Historical_figures	Jacob%20Riis	Blanc
subject.People.Historical_figures	Joel%20Brand	Blanc
subject.People.Historical_figures	Johnny%20Appleseed	Blanc
subject.People.Historical_figures	Jonathan%20Wild	Blanc
subject.People.Historical_figures	Julius%20Caesar	Blanc
subject.People.Historical_figures	List%20of%20French%20monarchs	Blanc
subject.People.Historical_figures	Llywelyn%20the%20Great	Blanc
subject.People.Historical_figures	Louis%20XIV%20of%20France	Blanc
subject.People.Historical_figures	Manuel%20I%20Komnenos	Peau plus foncée
subject.People.Historical_figures	Mark%20Antony	Blanc
subject.People.Historical_figures	Napoleon%20I%20of%20France	Blanc
subject.People.Historical_figures	Olaudah%20Equiano	Peau plus foncée
subject.People.Historical_figures	Oliver%20Cromwell	Blanc
subject.People.Historical_figures	Oliver%20Cromwell	Blanc
subject.People.Historical_figures	Otto%20von%20Bismarck	Blanc
subject.People.Historical_figures	Penda%20of%20Mercia	Blanc
subject.People.Historical_figures	Peter%20I%20of%20Russia	Blanc
subject.People.Historical_figures	Philip%20II%20of%20Spain	Blanc
subject.People.Historical_figures	Qin%20Shi%20Huang	Peau plus foncée
subject.People.Historical_figures	Romulus%20Augustus	Blanc
subject.People.Historical_figures	Rosa%20Parks	Peau plus foncée
subject.People.Historical_figures	Rudolf%20Vrba	Peau plus foncée
subject.People.Historical_figures	Saladin	Peau plus foncée
subject.People.Historical_figures	Samantha%20Smith	Blanc
subject.People.Historical_figures	Sardar%20Vallabhbhai%20Patel	Peau brune
subject.People.Historical_figures	Shaka	Peau plus foncée
subject.People.Historical_figures	Sheikh%20Mujibur%20Rahman	Peau brune
subject.People.Historical_figures	Sim%C3%B3n%20Bol%C3%ADvar	Peau plus foncée
subject.People.Historical_figures	Sitting%20Bull	Peau plus foncée
subject.People.Historical_figures	Stanis%C5%82aw%20Koniecpolski	Blanc
subject.People.Historical_figures	Suleiman%20the%20Magnificent	Peau plus foncée
subject.People.Historical_figures	Thomas%20Malthus	Blanc
subject.People.Historical_figures	Timur	Peau plus foncée
subject.People.Historical_figures	Tiridates%20I%20of%20Armenia	Peau plus foncée
subject.People.Historical_figures	Victoria%20of%20the%20United%20Kingdom	Blanc
subject.People.Historical_figures	W.%20Mark%20Felt	Blanc
subject.People.Historical_figures	Walter%20Raleigh	Blanc
subject.People.Historical_figures	William%20Edington	Blanc
subject.People.Historical_figures	William%20Ewart%20Gladstone	Blanc
subject.People.Historical_figures	William%20Ewart%20Gladstone	Blanc
subject.People.Historical_figures	William%20Gilbert	Blanc
subject.People.Historical_figures	William%20Mahone	Blanc
subject.People.Historical_figures	William%20N.%20Page	Blanc
subject.People.Historical_figures	William%20Wilberforce	Blanc
subject.People.Historical_figures	William%20the%20Silent	Blanc
subject.People.Historical_figures	Winfield%20Scott%20Hancock	Blanc
subject.People.Historical_figures	Witold%20Pilecki	Blanc
subject.People.Historical_figures	Wyndham%20Robertson	Blanc
subject.People.Historical_figures	Yagan	Peau plus foncée (Aborigène australien)
subject.People.Historical_figures	Yuri%20Gagarin	Blanc
subject.People.Historical_figures	Yuri%20Knorosov	Blanc
subject.People.Historical_figures	Zara%20Yaqob	Peau plus foncée
subject.People.Historical_figures	Zhang%20Qian	Peau plus foncée (Asiatique)
subject.People.Historical_figures	Zheng%20He	Peau plus foncée (Asiatique)
subject.People.Historical_figures	Ziad%20Jarrah	Peau plus foncée (Moyen-Orient)
subject.People.Artists	%C3%89douard%20Manet	
subject.People.Artists	Andy%20Warhol	Blanc
subject.People.Artists	Anthony%20van%20Dyck	Blanc
subject.People.Artists	Anton%20Alexander%20von%20Werner	Blanc
subject.People.Artists	Auguste%20Rodin	Blanc
subject.People.Artists	Banksy	
subject.People.Artists	Canaletto	Blanc
subject.People.Artists	Caravaggio	Blanc
subject.People.Artists	Claude%20Monet	Blanc
subject.People.Artists	Diego%20Vel%C3%A1zquez	Blanc
subject.People.Artists	El%20Lissitzky	Blanc
subject.People.Artists	Felice%20Beato	Blanc
subject.People.Artists	Francisco%20Goya	Blanc
subject.People.Artists	Henri%20Matisse	Blanc
subject.People.Artists	Henry%20Moore	Blanc
subject.People.Artists	Hiroh%20Kikai	Peau plus foncée (Asiatique)
subject.People.Artists	J.%20M.%20W.%20Turner	Blanc
subject.People.Artists	Jacques-Louis%20David	Blanc
subject.People.Artists	John%20Constable	Blanc
subject.People.Artists	John%20Vanbrugh	Blanc
subject.People.Artists	L.%20S.%20Lowry	Blanc
subject.People.Artists	Leonardo%20da%20Vinci	Blanc
subject.People.Artists	Leonardo%20da%20Vinci	Blanc
subject.People.Artists	Lucy%2C%20Lady%20Duff-Gordon	Blanc
subject.People.Artists	Matthew%20Brettingham	Blanc
subject.People.Artists	Michelangelo	Blanc
subject.People.Artists	Pablo%20Picasso	Blanc
subject.People.Artists	Paul%20C%C3%A9zanne	Blanc
subject.People.Artists	Paul%20Kane	Blanc
subject.People.Artists	Peter%20Paul%20Rubens	Blanc
subject.People.Artists	Raphael	Blanc
subject.People.Artists	Rembrandt	Blanc
subject.People.Artists	Roman%20Vishniac	Blanc
subject.People.Artists	Salvador%20Dal%C3%AD	Blanc
subject.People.Artists	Thomas%20Gainsborough	Blanc
subject.People.Artists	Vincent%20van%20Gogh	Blanc
subject.People.Artists	William%20Hogarth	Blanc
subject.People.Sports_and_games_people	A.%20E.%20J.%20Collins	Blanc
subject.People.Sports_and_games_people	Andr%C3%A9s%20Nocioni	Blanc
subject.People.Sports_and_games_people	Babe%20Ruth	Blanc
subject.People.Sports_and_games_people	Bernard%20Hinault	Blanc
subject.People.Sports_and_games_people	Bj%C3%B6rn%20Borg	Blanc
subject.People.Sports_and_games_people	Boris%20Becker	Blanc
subject.People.Sports_and_games_people	Brian%20Close	Blanc
subject.People.Sports_and_games_people	Carl%20Lewis	Peau plus foncée
subject.People.Sports_and_games_people	Chris%20Evert	Blanc
subject.People.Sports_and_games_people	Daley%20Thompson	Peau plus foncée
subject.People.Sports_and_games_people	Damon%20Hill	Blanc
subject.People.Sports_and_games_people	David%20Beckham	Blanc
subject.People.Sports_and_games_people	Denis%20Law	Blanc
subject.People.Sports_and_games_people	Diego%20Maradona	Peau plus foncée
subject.People.Sports_and_games_people	Donald%20Bradman	Blanc
subject.People.Sports_and_games_people	Fanny%20Blankers-Koen	Blanc
subject.People.Sports_and_games_people	Floyd%20Mayweather%20Jr.	Peau plus foncée
subject.People.Sports_and_games_people	Gilles%20Villeneuve	Blanc
subject.People.Sports_and_games_people	Greg%20LeMond	Blanc
subject.People.Sports_and_games_people	Hermann%20Maier	Blanc
subject.People.Sports_and_games_people	Jackie%20Robinson	Peau plus foncée
subject.People.Sports_and_games_people	Jesse%20Owens	Peau plus foncée
subject.People.Sports_and_games_people	John%20McEnroe	Blanc
subject.People.Sports_and_games_people	Jonah%20Lomu	Peau plus foncée (Polynésien)
subject.People.Sports_and_games_people	Lance%20Armstrong	Blanc
subject.People.Sports_and_games_people	Laurent%20Fignon	Blanc
subject.People.Sports_and_games_people	Lottie%20Dod	Blanc
subject.People.Sports_and_games_people	Marc%20Pugh	Blanc
subject.People.Sports_and_games_people	Marcus%20Allen	Peau plus foncée
subject.People.Sports_and_games_people	Mark%20Webber	Blanc
subject.People.Sports_and_games_people	Martina%20Navratilova	Blanc
subject.People.Sports_and_games_people	Michael%20Jordan	Peau plus foncée
subject.People.Sports_and_games_people	Mickey%20Mantle	Blanc
subject.People.Sports_and_games_people	Muhammad%20Ali	Peau plus foncée
subject.People.Sports_and_games_people	Nadia%20Com%C4%83neci	Blanc
subject.People.Sports_and_games_people	Pat%20Cash	Blanc
subject.People.Sports_and_games_people	Pel%C3%A9	Peau plus foncée
subject.People.Sports_and_games_people	Pete%20Sampras	Blanc
subject.People.Sports_and_games_people	Sandy%20Koufax	Blanc
subject.People.Sports_and_games_people	Stefan%20Edberg	Blanc
subject.People.Sports_and_games_people	Steve%20Davis	Blanc
subject.People.Sports_and_games_people	Tiger%20Woods	Peau plus foncée
subject.People.Sports_and_games_people	Tim%20Henman	Blanc
subject.People.Sports_and_games_people	Wayne%20Rooney	Blanc
subject.People.Sports_and_games_people	William%20Renshaw	Blanc
subject.People.Geographers_and_explorers	Abel%20Tasman	Blanc
subject.People.Geographers_and_explorers	Christopher%20Columbus	Blanc
subject.People.Geographers_and_explorers	David%20Livingstone	Blanc
subject.People.Geographers_and_explorers	Edmund%20Hillary	Blanc
subject.People.Geographers_and_explorers	Ferdinand%20Magellan	Blanc
subject.People.Geographers_and_explorers	Henry%20Morton%20Stanley	Blanc
subject.People.Geographers_and_explorers	Jacques%20Cartier	Blanc
subject.People.Geographers_and_explorers	James%20Cook	Blanc
subject.People.Geographers_and_explorers	John%20Cabot	Blanc
subject.People.Geographers_and_explorers	Juan%20Sebasti%C3%A1n%20Elcano	Blanc
subject.People.Geographers_and_explorers	Leif%20Ericson	Blanc
subject.People.Geographers_and_explorers	Marco%20Polo	Blanc
subject.People.Geographers_and_explorers	Neil%20Armstrong	Blanc
subject.People.Geographers_and_explorers	Richard%20Francis%20Burton	Blanc
subject.People.Geographers_and_explorers	Roald%20Amundsen	Blanc
subject.People.Geographers_and_explorers	S.%20A.%20Andr%C3%A9e%27s%20Arctic%20balloon%20expedition%20of%201897	Blanc
subject.People.Geographers_and_explorers	Stephen%20Trigg	Blanc
subject.People.Geographers_and_explorers	Tenzing%20Norgay	Peau plus foncée (Sherpa/Népalais)
subject.People.Geographers_and_explorers	Vasco%20da%20Gama	Blanc
subject.People.Geographers_and_explorers	Vitus%20Bering	Blanc
subject.People.Geographers_and_explorers	Willem%20Barents	Blanc
subject.People.Writers_and_critics	Abraham%20Goldfaden	Blanc
subject.People.Writers_and_critics	Albrecht%20Rodenbach	Blanc
subject.People.Writers_and_critics	Aleksandr%20Pushkin	Peau plus foncée (Ascendance africaine partielle)
subject.People.Writers_and_critics	Andrew%20Gonzalez	Blanc
subject.People.Writers_and_critics	Anne%20Frank	Blanc
subject.People.Writers_and_critics	Arthur%20Sullivan	Blanc
subject.People.Writers_and_critics	Arthur%20Upfield	Blanc
subject.People.Writers_and_critics	Augusta%2C%20Lady%20Gregory	Blanc
subject.People.Writers_and_critics	Ben%20Jonson	Blanc
subject.People.Writers_and_critics	Brothers%20Grimm	Blanc
subject.People.Writers_and_critics	C%C3%A6dmon	Blanc
subject.People.Writers_and_critics	C.%20S.%20Lewis	Blanc
subject.People.Writers_and_critics	Charles%20Dickens	Blanc
subject.People.Writers_and_critics	Charles%20Etienne%20Brasseur%20de%20Bourbourg	Blanc
subject.People.Writers_and_critics	Colley%20Cibber	Blanc
subject.People.Writers_and_critics	Dante%20Alighieri	Blanc
subject.People.Writers_and_critics	David%20Helvarg	Blanc
subject.People.Writers_and_critics	Douglas%20Adams	Blanc
subject.People.Writers_and_critics	Dr.%20Seuss	Blanc
subject.People.Writers_and_critics	Du%20Fu	Peau plus foncée (Asiatique)
subject.People.Writers_and_critics	E.%20E.%20Cummings	Blanc
subject.People.Writers_and_critics	Edgar%20Allan%20Poe	Blanc
subject.People.Writers_and_critics	Ernest%20Hemingway	Blanc
subject.People.Writers_and_critics	Ezra%20Pound	Blanc
subject.People.Writers_and_critics	Franz%20Kafka	Blanc
subject.People.Writers_and_critics	Fyodor%20Dostoevsky	Blanc
subject.People.Writers_and_critics	George%20Byron%2C%206th%20Baron%20Byron	Blanc
subject.People.Writers_and_critics	George%20Eliot	Blanc
subject.People.Writers_and_critics	George%20Herbert	Blanc
subject.People.Writers_and_critics	Gerald%20Durrell	Blanc
subject.People.Writers_and_critics	H.D.	Blanc
subject.People.Writers_and_critics	Henrik%20Ibsen	Blanc
subject.People.Writers_and_critics	Henry%20James	Blanc
subject.People.Writers_and_critics	Homer	Blanc
subject.People.Writers_and_critics	Isaac%20Asimov	Blanc
subject.People.Writers_and_critics	J.%20K.%20Rowling	Blanc
subject.People.Writers_and_critics	J.%20R.%20R.%20Tolkien	Blanc
subject.People.Writers_and_critics	Jack%20Kerouac	Blanc
subject.People.Writers_and_critics	James%20Joyce	Blanc
subject.People.Writers_and_critics	James%20Lovelock	Blanc
subject.People.Writers_and_critics	Jane%20Austen	Blanc
subject.People.Writers_and_critics	Johann%20Wolfgang%20Goethe	Blanc
subject.People.Writers_and_critics	John%20Millington%20Synge	Blanc
subject.People.Writers_and_critics	John%20Milton	Blanc
subject.People.Writers_and_critics	John%20Seigenthaler%2C%20Sr.	Blanc
subject.People.Writers_and_critics	John%20W.%20Campbell	Blanc
subject.People.Writers_and_critics	Jorge%20Luis%20Borges	Blanc
subject.People.Writers_and_critics	Khan%20Wali%20Khan	Peau plus foncée (Asiatique)
subject.People.Writers_and_critics	Leo%20Tolstoy	Blanc
subject.People.Writers_and_critics	Marcel%20Proust	Blanc
subject.People.Writers_and_critics	Mark%20Twain	Blanc
subject.People.Writers_and_critics	Mary%20Kingsley	Blanc
subject.People.Writers_and_critics	Mary%20Somerville	Blanc
subject.People.Writers_and_critics	Matsuo%20Bash%C5%8D	Peau plus foncée (Asiatique)
subject.People.Writers_and_critics	Miguel%20de%20Cervantes	Blanc
subject.People.Writers_and_critics	Muhammad%20Iqbal	Peau plus foncée (Asiatique)
subject.People.Writers_and_critics	Rabindranath%20Tagore	Peau plus foncée (Asiatique)
subject.People.Writers_and_critics	Rudyard%20Kipling	Blanc
subject.People.Writers_and_critics	Samuel%20Beckett	Blanc
subject.People.Writers_and_critics	Samuel%20Taylor%20Coleridge	Blanc
subject.People.Writers_and_critics	Stanis%C5%82aw%20Lem	Blanc
subject.People.Writers_and_critics	Stephen%20Jay%20Gould	Blanc
subject.People.Writers_and_critics	T.%20S.%20Eliot	Blanc
subject.People.Writers_and_critics	Thomas%20Pynchon	Blanc
subject.People.Writers_and_critics	Victor%20Hugo	Blanc
subject.People.Writers_and_critics	Virgil	Blanc
subject.People.Writers_and_critics	Voltaire	Blanc
subject.People.Writers_and_critics	Walt%20Whitman	Blanc
subject.People.Writers_and_critics	Walter%20Scott	Blanc
subject.People.Writers_and_critics	William%20Butler%20Yeats	Blanc
subject.People.Writers_and_critics	William%20Shakespeare	Blanc
subject.People.USA_Presidents	Abraham%20Lincoln	Blanc
subject.People.USA_Presidents	Andrew%20Jackson	Blanc
subject.People.USA_Presidents	Andrew%20Johnson	Blanc
subject.People.USA_Presidents	Benjamin%20Harrison	Blanc
subject.People.USA_Presidents	Calvin%20Coolidge	Blanc
subject.People.USA_Presidents	Chester%20A.%20Arthur	Blanc
subject.People.USA_Presidents	Dwight%20D.%20Eisenhower	Blanc
subject.People.USA_Presidents	Franklin%20D.%20Roosevelt	Blanc
subject.People.USA_Presidents	Franklin%20Pierce	Blanc
subject.People.USA_Presidents	George%20H.%20W.%20Bush	Blanc
subject.People.USA_Presidents	George%20W.%20Bush	Blanc
subject.People.USA_Presidents	George%20Washington	Blanc
subject.People.USA_Presidents	Gerald%20Ford	Blanc
subject.People.USA_Presidents	Grover%20Cleveland	Blanc
subject.People.USA_Presidents	Harry%20S.%20Truman	Blanc
subject.People.USA_Presidents	Herbert%20Hoover	Blanc
subject.People.USA_Presidents	James%20Buchanan	Blanc
subject.People.USA_Presidents	James%20Garfield	Blanc
subject.People.USA_Presidents	James%20K.%20Polk	Blanc
subject.People.USA_Presidents	James%20Monroe	Blanc
subject.People.USA_Presidents	Jimmy%20Carter	Blanc
subject.People.USA_Presidents	John%20Adams	Blanc
subject.People.USA_Presidents	John%20F.%20Kennedy	Blanc
subject.People.USA_Presidents	John%20Tyler	Blanc
subject.People.USA_Presidents	Lyndon%20B.%20Johnson	Blanc
subject.People.USA_Presidents	Martin%20Van%20Buren	Blanc
subject.People.USA_Presidents	Millard%20Fillmore	Blanc
subject.People.USA_Presidents	Richard%20Nixon	Blanc
subject.People.USA_Presidents	Ronald%20Reagan	Blanc
subject.People.USA_Presidents	Rutherford%20B.%20Hayes	Blanc
subject.People.USA_Presidents	Theodore%20Roosevelt	Blanc
subject.People.USA_Presidents	Thomas%20Jefferson	Blanc
subject.People.USA_Presidents	Ulysses%20S.%20Grant	Blanc
subject.People.USA_Presidents	Ulysses%20S.%20Grant	Blanc
subject.People.USA_Presidents	Warren%20G.%20Harding	Blanc
subject.People.USA_Presidents	William%20Henry%20Harrison	Blanc
subject.People.USA_Presidents	William%20McKinley	Blanc
subject.People.USA_Presidents	Woodrow%20Wilson	Blanc
subject.People.Religious_figures_and_leaders	Adi%20Shankara	Peau plus foncée (Indien)
subject.People.Religious_figures_and_leaders	Annibale%20Bugnini	Blanc
subject.People.Religious_figures_and_leaders	Archbishop%20of%20Canterbury	Blanc
subject.People.Religious_figures_and_leaders	Augustine%20of%20Hippo	Peau plus foncée (Berbère)
subject.People.Religious_figures_and_leaders	Buddha	Peau plus foncée (Asiatique)
subject.People.Religious_figures_and_leaders	Columba	Blanc
subject.People.Religious_figures_and_leaders	Desmond%20Tutu	Peau plus foncée
subject.People.Religious_figures_and_leaders	Edward%20the%20Confessor	Blanc
subject.People.Religious_figures_and_leaders	Edward%20the%20Confessor	Blanc
subject.People.Religious_figures_and_leaders	Francis%20of%20Assisi	Blanc
subject.People.Religious_figures_and_leaders	Gautama%20Buddha	Peau plus foncée (Asiatique)
subject.People.Religious_figures_and_leaders	George%20Fox	Blanc
subject.People.Religious_figures_and_leaders	Hilda%20of%20Whitby	Blanc
subject.People.Religious_figures_and_leaders	Ibn%20Battuta	Peau plus foncée (Arabe)
subject.People.Religious_figures_and_leaders	Isaac	Blanc
subject.People.Religious_figures_and_leaders	Jesus	Peau plus foncée (Moyen-Orient)
subject.People.Religious_figures_and_leaders	Jocelin	Blanc
subject.People.Religious_figures_and_leaders	John%20A.T.%20Robinson	Blanc
subject.People.Religious_figures_and_leaders	John%20Calvin	Blanc
subject.People.Religious_figures_and_leaders	John%20Sentamu	Peau plus foncée
subject.People.Religious_figures_and_leaders	List%20of%20popes	Blanc
subject.People.Religious_figures_and_leaders	Lope%20de%20Barrientos	Blanc
subject.People.Religious_figures_and_leaders	Malcolm%20X	Peau plus foncée
subject.People.Religious_figures_and_leaders	Marcel%20Lefebvre	Blanc
subject.People.Religious_figures_and_leaders	Martin%20Luther	Blanc
subject.People.Religious_figures_and_leaders	Michael%20Ramsey	Blanc
subject.People.Religious_figures_and_leaders	Mother%20Teresa	Blanc
subject.People.Religious_figures_and_leaders	Muhammad	Peau plus foncée (Arabe)
subject.People.Religious_figures_and_leaders	Nostradamus	Blanc
subject.People.Religious_figures_and_leaders	Paul%20of%20Tarsus	Blanc
subject.People.Religious_figures_and_leaders	Pope%20Benedict%20XVI	Blanc
subject.People.Religious_figures_and_leaders	Pope%20John%20Paul%20II	Blanc
subject.People.Religious_figures_and_leaders	Pope%20Pius%20XII	Blanc
subject.People.Religious_figures_and_leaders	Rowan%20Williams	Blanc
subject.People.Religious_figures_and_leaders	Tenzin%20Gyatso%2C%2014th%20Dalai%20Lama	Peau plus foncée (Tibétain)
subject.People.Religious_figures_and_leaders	Thomas%20Aquinas	Blanc
subject.People.Religious_figures_and_leaders	Thomas%20Becket	Blanc
subject.People.Religious_figures_and_leaders	Thomas%20Cranmer	Blanc
subject.People.Religious_figures_and_leaders	Thomas%20More	Blanc
subject.People.Religious_figures_and_leaders	Zoroaster	Peau plus foncée (Persan)
subject.People.Political_People	Adolf%20Hitler	Blanc
subject.People.Political_People	Andrew%20Dickson%20White	Blanc
subject.People.Political_People	Ariel%20Sharon	Peau plus foncée (Juif)
subject.People.Political_People	Armia%20Krajowa	Blanc
subject.People.Political_People	Ayaan%20Hirsi%20Ali	Peau plus foncée (Somalienne)
subject.People.Political_People	Barack%20Obama	Peau plus foncée (Mixte)
subject.People.Political_People	Benito%20Mussolini	Blanc
subject.People.Political_People	Benjamin%20Disraeli%2C%201st%20Earl%20of%20Beaconsfield	Blanc
subject.People.Political_People	Bill%20Clinton	Blanc
subject.People.Political_People	Boyle%20Roche	Blanc
subject.People.Political_People	Boyle%20Roche	Blanc
subject.People.Political_People	Condoleezza%20Rice	Peau plus foncée
subject.People.Political_People	Cyrus%20K.%20Holliday	Blanc
subject.People.Political_People	Daniel%20Ellsberg	Blanc
subject.People.Political_People	David%20Blanchflower	Blanc
subject.People.Political_People	David%20Cameron	Blanc
subject.People.Political_People	David%20Heymann	Blanc
subject.People.Political_People	Earl%20of%20Shaftesbury	Blanc
subject.People.Political_People	Edmund%20Burke	Blanc
subject.People.Political_People	Elizabeth%20Fry	Blanc
subject.People.Political_People	Elizabeth%20II%20of%20the%20United%20Kingdom	Blanc
subject.People.Political_People	Eva%20Per%C3%B3n	Peau plus foncée (Hispanique)
subject.People.Political_People	Fidel%20Castro	Peau plus foncée (Hispanique)
subject.People.Political_People	Frederick%20Douglass	Peau plus foncée
subject.People.Political_People	Frederick%20Hamilton-Temple-Blackwood%2C%201st%20Marquess%20of%20Dufferin%20and%20Ava	Blanc
subject.People.Political_People	Gordon%20Brown	Blanc
subject.People.Political_People	Haji%20Mohammad%20Suharto	Peau plus foncée (Indonésien)
subject.People.Political_People	Harold%20Macmillan	Blanc
subject.People.Political_People	Harold%20Wilson	Blanc
subject.People.Political_People	Hirohito	Peau plus foncée (Japonais)
subject.People.Political_People	Ho%20Chi%20Minh	Peau plus foncée (Vietnamien)
subject.People.Political_People	Indira%20Gandhi	Peau plus foncée (Indienne)
subject.People.Political_People	James%20Callaghan	Blanc
subject.People.Political_People	James%20Garfield	Blanc
subject.People.Political_People	John%20Henninger%20Reagan	Blanc
subject.People.Political_People	John%20Howard	Blanc
subject.People.Political_People	John%20Marshall	Blanc
subject.People.Political_People	John%20W.%20Johnston	Blanc
subject.People.Political_People	Joseph%20Stalin	Blanc
subject.People.Political_People	Karl%20Marx	Blanc
subject.People.Political_People	Kofi%20Annan	Peau plus foncée
subject.People.Political_People	Leon%20Trotsky	Blanc
subject.People.Political_People	Louis%20Freeh	Blanc
subject.People.Political_People	Mahatma%20Gandhi	Peau brune (Indien)
subject.People.Political_People	Mahmoud%20Abbas	Peau plus foncée (Palestinien)
subject.People.Political_People	Mao%20Zedong	Peau plus foncée (Asiatique)
subject.People.Political_People	Margaret%20Sanger	Blanc
subject.People.Political_People	Margaret%20Thatcher	Blanc
subject.People.Political_People	Martin%20Luther%20King%2C%20Jr.	Peau plus foncée
subject.People.Political_People	Mikhail%20Gorbachev	Blanc
subject.People.Political_People	Muhammad%20Ali%20Jinnah	Peau brune (Pakistano-Indien)
subject.People.Political_People	Nelson%20Mandela	Peau plus foncée
subject.People.Political_People	Ollanta%20Humala	Peau plus foncée (Hispanique)
subject.People.Political_People	Osama%20bin%20Laden	Peau plus foncée (Arabe)
subject.People.Political_People	Ralph%20Nader	Blanc (D'origine libanaise)
subject.People.Political_People	Robert%20Gascoyne-Cecil%2C%203rd%20Marquess%20of%20Salisbury	Blanc
subject.People.Political_People	Robert%20Owen	Blanc
subject.People.Political_People	Stanley%20Baldwin	Blanc
subject.People.Political_People	Stephen%20Harper	Blanc
subject.People.Political_People	Sun%20Yat-sen	Peau plus foncée (Asiatique)
subject.People.Political_People	Tony%20Blair	Blanc
subject.People.Political_People	Vladimir%20Lenin	Blanc
subject.People.Political_People	William%20Ewart%20Gladstone	Blanc
subject.People.Political_People	William%20Ewart%20Gladstone	Blanc
subject.People.Political_People	William%20Howard%20Taft	Blanc
subject.People.Political_People	William%20Pitt%20the%20Younger	Blanc
subject.People.Political_People	Winston%20Churchill	Blanc
subject.People.Political_People	Zachary%20Taylor	Blanc
subject.People.Producers_directors_and_media_figures	Akira%20Kurosawa	Peau plus foncée (Asiatique)
subject.People.Producers_directors_and_media_figures	Alfred%20Hitchcock	Blanc
subject.People.Producers_directors_and_media_figures	Arnold%20Schwarzenegger	Blanc
subject.People.Producers_directors_and_media_figures	David%20Attenborough	Blanc
subject.People.Producers_directors_and_media_figures	Gordon%20Griffith	Blanc
subject.People.Producers_directors_and_media_figures	James%20T.%20Aubrey%2C%20Jr.	Blanc
subject.People.Producers_directors_and_media_figures	Sydney%20Newman	Blanc
subject.People.Producers_directors_and_media_figures	Walt%20Disney	Blanc
subject.People.Mathematicians	Alan%20Turing	Blanc
subject.People.Mathematicians	Albrecht%20D%C3%BCrer	Blanc
subject.People.Mathematicians	Archimedes	Blanc
subject.People.Mathematicians	Blaise%20Pascal	Blanc
subject.People.Mathematicians	Carl%20Friedrich%20Gauss	Blanc
subject.People.Mathematicians	David%20Hilbert	Blanc
subject.People.Mathematicians	Edmond%20Halley	Blanc
subject.People.Mathematicians	Euclid	Blanc
subject.People.Mathematicians	Georg%20Cantor	Blanc
subject.People.Mathematicians	Gottfried%20Leibniz	Blanc
subject.People.Mathematicians	John%20Dee	Blanc
subject.People.Mathematicians	John%20von%20Neumann	Blanc
subject.People.Mathematicians	Leonhard%20Euler	Blanc
subject.People.Mathematicians	Pythagoras	Blanc
subject.People.Mathematicians	William%20Thomson%2C%201st%20Baron%20Kelvin	Blanc
subject.People.Astronomers_and_physicists	Albert%20Einstein	Blanc
subject.People.Astronomers_and_physicists	Benjamin%20Franklin	Blanc
subject.People.Astronomers_and_physicists	Benjamin%20Franklin	Blanc
subject.People.Astronomers_and_physicists	Carl%20Sagan	Blanc
subject.People.Astronomers_and_physicists	E.%20P.%20Wigner	Blanc
subject.People.Astronomers_and_physicists	Edward%20Teller	Blanc
subject.People.Astronomers_and_physicists	Galileo%20Galilei	Blanc
subject.People.Astronomers_and_physicists	Galileo%20Galilei	Blanc
subject.People.Astronomers_and_physicists	Isaac%20Newton	Blanc
subject.People.Astronomers_and_physicists	James%20Clerk%20Maxwell	Blanc
subject.People.Astronomers_and_physicists	James%20Watt	Blanc
subject.People.Astronomers_and_physicists	James%20Watt	Blanc
subject.People.Astronomers_and_physicists	Johannes%20Kepler	Blanc
subject.People.Astronomers_and_physicists	Max%20Planck	Blanc
subject.People.Astronomers_and_physicists	Muhammad%20ibn%20Musa%20al-Khwarizmi	Peau plus foncée (Persan)
subject.People.Astronomers_and_physicists	Nicolaus%20Copernicus	Blanc
subject.People.Astronomers_and_physicists	Niels%20Bohr	Blanc
subject.People.Astronomers_and_physicists	Nikola%20Tesla	Blanc
subject.People.Astronomers_and_physicists	Nikola%20Tesla	Blanc
subject.People.Astronomers_and_physicists	Paul%20Dirac	Blanc
subject.People.Astronomers_and_physicists	Ptolemy	Blanc
subject.People.Astronomers_and_physicists	Richard%20Feynman	Blanc
subject.People.Astronomers_and_physicists	Robert%20Oppenheimer	Blanc
subject.People.Astronomers_and_physicists	Stephen%20Hawking	Blanc
subject.People.Astronomers_and_physicists	Tycho%20Brahe	Blanc
subject.People.Engineers_and_inventors	Alberto%20Santos-Dumont	Peau plus foncée (Brésilien)
subject.People.Engineers_and_inventors	Alexander%20Graham%20Bell	Blanc
subject.People.Engineers_and_inventors	Andrew%20Carnegie	Blanc
subject.People.Engineers_and_inventors	Buckminster%20Fuller	Blanc
subject.People.Engineers_and_inventors	Cai%20Lun	Peau plus foncée (Asiatique)
subject.People.Engineers_and_inventors	Christopher%20Wren	Blanc
subject.People.Engineers_and_inventors	Ernest%20Rutherford	Blanc
subject.People.Engineers_and_inventors	Galileo%20Galilei	Blanc
subject.People.Engineers_and_inventors	Galileo%20Galilei	Blanc
subject.People.Engineers_and_inventors	Glynn%20Lunney	Blanc
subject.People.Engineers_and_inventors	Guglielmo%20Marconi	Blanc
subject.People.Engineers_and_inventors	Gustavus%20Franklin%20Swift	Blanc
subject.People.Engineers_and_inventors	Henry%20Ford	Blanc
subject.People.Engineers_and_inventors	Henry%20Morrison%20Flagler	Blanc
subject.People.Engineers_and_inventors	Isambard%20Kingdom%20Brunel	Blanc
subject.People.Engineers_and_inventors	J.%20J.%20Thomson	Blanc
subject.People.Engineers_and_inventors	James%20Watt	Blanc
subject.People.Engineers_and_inventors	James%20Watt	Blanc
subject.People.Engineers_and_inventors	Johannes%20Gutenberg	Blanc
subject.People.Engineers_and_inventors	John%20Flamsteed	Blanc
subject.People.Engineers_and_inventors	John%20Logie%20Baird	Blanc
subject.People.Engineers_and_inventors	Karl%20Benz	Blanc
subject.People.Engineers_and_inventors	Leonardo%20da%20Vinci	Blanc
subject.People.Engineers_and_inventors	Leonardo%20da%20Vinci	Blanc
subject.People.Engineers_and_inventors	Nikola%20Tesla	Blanc
subject.People.Engineers_and_inventors	Nikola%20Tesla	Blanc
subject.People.Engineers_and_inventors	Thomas%20Edison	Blanc
subject.People.Engineers_and_inventors	Wernher%20von%20Braun	Blanc
subject.People.Engineers_and_inventors	Wright%20brothers	Blanc
subject.People.Military_People	Aleksandr%20Vasilevsky	Blanc
subject.People.Military_People	Alexander%20the%20Great	Blanc
subject.People.Military_People	Alfred%20the%20Great	Blanc
subject.People.Military_People	Alfred%20the%20Great	Blanc
subject.People.Military_People	Arthur%20Ernest%20Percival	Blanc
subject.People.Military_People	Arthur%20Wellesley%2C%201st%20Duke%20of%20Wellington	Blanc
subject.People.Military_People	Attila%20the%20Hun	Peau plus foncée
subject.People.Military_People	Attila%20the%20Hun	Peau plus foncée
subject.People.Military_People	Epaminondas	Blanc
subject.People.Military_People	Georg%20von%20Boeselager	
subject.People.Military_People	George%20Thomas%20Coker	
subject.People.Military_People	Horatio%20Nelson%2C%201st%20Viscount%20Nelson	
subject.People.Military_People	Humbert%20Roque%20Versace	
subject.People.Military_People	Husein%20Grada%C5%A1%C4%8Devi%C4%87	
subject.People.Military_People	Isaac%20Brock	
subject.People.Military_People	Joan%20of%20Arc	Blanc
subject.People.Military_People	John%20Pershing	Blanc
subject.People.Military_People	Pedro%20del%20Valle	Blanc
subject.People.Military_People	Pericles	Blanc
subject.People.Military_People	Reza%20Shah	Peau plus foncée (Persan)
subject.People.Military_People	Thrasybulus	Blanc
subject.People.Military_People	Ulysses%20S.%20Grant	Blanc
subject.People.Military_People	Ulysses%20S.%20Grant	Blanc
subject.People.Military_People	Vernon%20Kell	Blanc
subject.People.Military_People	William%20Tecumseh%20Sherman	Blanc
subject.People.Chemists	Alfred%20Nobel	Blanc
subject.People.Chemists	Antoine%20Lavoisier	Blanc
subject.People.Chemists	Dmitri%20Mendeleev	Blanc
subject.People.Chemists	Humphry%20Davy	Blanc
subject.People.Chemists	Linus%20Pauling	Blanc
subject.People.Chemists	Marie%20Curie	Blanc
subject.People.Chemists	Michael%20Faraday	Blanc
subject.People.Chemists	Robert%20Boyle	Blanc
subject.People.Monarchs_of_Great_Britain	Alfred%20the%20Great	Blanc
subject.People.Monarchs_of_Great_Britain	Alfred%20the%20Great	Blanc
subject.People.Monarchs_of_Great_Britain	Anne%20of%20Great%20Britain	Blanc
subject.People.Monarchs_of_Great_Britain	Canute%20the%20Great	Blanc
subject.People.Monarchs_of_Great_Britain	Charles%20II%20of%20England	Blanc
subject.People.Monarchs_of_Great_Britain	Charles%20I%20of%20England	Blanc
subject.People.Monarchs_of_Great_Britain	Edward%20II%20of%20England	Blanc
subject.People.Monarchs_of_Great_Britain	Edward%20IV%20of%20England	Blanc
subject.People.Monarchs_of_Great_Britain	Edward%20I%20of%20England	Blanc
subject.People.Monarchs_of_Great_Britain	Edward%20VIII%20of%20the%20United%20Kingdom	Blanc
subject.People.Monarchs_of_Great_Britain	Edward%20VII%20of%20the%20United%20Kingdom	Blanc
subject.People.Monarchs_of_Great_Britain	Edward%20the%20Confessor	Blanc
subject.People.Monarchs_of_Great_Britain	Edward%20the%20Confessor	Blanc
subject.People.Monarchs_of_Great_Britain	Elizabeth%20I%20of%20England	Blanc
subject.People.Monarchs_of_Great_Britain	George%20III%20of%20the%20United%20Kingdom	Blanc
subject.People.Monarchs_of_Great_Britain	George%20II%20of%20Great%20Britain	Blanc
subject.People.Monarchs_of_Great_Britain	George%20IV%20of%20the%20United%20Kingdom	Blanc
subject.People.Monarchs_of_Great_Britain	George%20I%20of%20Great%20Britain	Blanc
subject.People.Monarchs_of_Great_Britain	George%20VI%20of%20the%20United%20Kingdom	Blanc
subject.People.Monarchs_of_Great_Britain	George%20V%20of%20the%20United%20Kingdom	Blanc
subject.People.Monarchs_of_Great_Britain	Henry%20III%20of%20England	Blanc
subject.People.Monarchs_of_Great_Britain	Henry%20II%20of%20England	Blanc
subject.People.Monarchs_of_Great_Britain	Henry%20IV%20of%20England	Blanc
subject.People.Monarchs_of_Great_Britain	Henry%20I%20of%20England	Blanc
subject.People.Monarchs_of_Great_Britain	Henry%20VIII%20of%20England	Blanc
subject.People.Monarchs_of_Great_Britain	Henry%20VII%20of%20England	Blanc
subject.People.Monarchs_of_Great_Britain	Henry%20VI%20of%20England	Blanc
subject.People.Monarchs_of_Great_Britain	Henry%20V%20of%20England	Blanc
subject.People.Monarchs_of_Great_Britain	James%20II%20of%20England	Blanc
subject.People.Monarchs_of_Great_Britain	James%20I%20of%20England	Blanc
subject.People.Monarchs_of_Great_Britain	John%20of%20England	Blanc
subject.People.Monarchs_of_Great_Britain	List%20of%20monarchs%20in%20the%20British%20Isles	
subject.People.Monarchs_of_Great_Britain	Macbeth%20of%20Scotland	Blanc
subject.People.Monarchs_of_Great_Britain	Mary%20II%20of%20England	Blanc
subject.People.Monarchs_of_Great_Britain	Mary%20I%20of%20England	Blanc
subject.People.Monarchs_of_Great_Britain	Mary%20I%20of%20Scotland	Blanc
subject.People.Monarchs_of_Great_Britain	Oliver%20Cromwell	Blanc
subject.People.Monarchs_of_Great_Britain	Oliver%20Cromwell	Blanc
subject.People.Monarchs_of_Great_Britain	Richard%20III%20of%20England	Blanc
subject.People.Monarchs_of_Great_Britain	Richard%20II%20of%20England	Blanc
subject.People.Monarchs_of_Great_Britain	Richard%20I%20of%20England	Blanc
subject.People.Monarchs_of_Great_Britain	William%20III%20of%20England	Blanc
subject.People.Monarchs_of_Great_Britain	William%20II%20of%20England	Blanc
subject.People.Monarchs_of_Great_Britain	William%20IV%20of%20the%20United%20Kingdom	Blanc
subject.People.Monarchs_of_Great_Britain	William%20I%20of%20England	Blanc
subject.People.Monarchs_of_Great_Britain	William%20and%20Mary	Blanc
subject.People.Actors_models_and_celebrities	Andrew%20Robinson	Blanc
subject.People.Actors_models_and_celebrities	Bette%20Davis	Blanc
subject.People.Actors_models_and_celebrities	Brandon%20Routh	Blanc
subject.People.Actors_models_and_celebrities	Britney%20Spears	Blanc
subject.People.Actors_models_and_celebrities	Bruce%20Lee	Peau plus foncée (Asiatique)
subject.People.Actors_models_and_celebrities	Charlie%20Chaplin	Blanc
subject.People.Actors_models_and_celebrities	Christian%20Bale	Blanc
subject.People.Actors_models_and_celebrities	Daniel%20Day-Lewis	Blanc
subject.People.Actors_models_and_celebrities	Diane%20Keaton	Blanc
subject.People.Actors_models_and_celebrities	Emma%20Roberts	Blanc
subject.People.Actors_models_and_celebrities	Evan%20Rachel%20Wood	Blanc
subject.People.Actors_models_and_celebrities	Henry%20Fonda	Blanc
subject.People.Actors_models_and_celebrities	Henry%20Rollins	Blanc
subject.People.Actors_models_and_celebrities	Jake%20Gyllenhaal	Blanc
subject.People.Actors_models_and_celebrities	James%20Stewart%20%28actor%29	
subject.People.Actors_models_and_celebrities	Jane%20Fonda	Blanc
subject.People.Actors_models_and_celebrities	Keira%20Knightley	Blanc
subject.People.Actors_models_and_celebrities	Kevin%20Spacey	Blanc
subject.People.Actors_models_and_celebrities	Laurence%20Olivier	Blanc
subject.People.Actors_models_and_celebrities	Miranda%20Otto	Blanc
subject.People.Actors_models_and_celebrities	Natalie%20Portman	Blanc
subject.People.Actors_models_and_celebrities	Sasha%20%28DJ%29	
subject.People.Actors_models_and_celebrities	Sean%20Connery	Blanc
subject.People.Actors_models_and_celebrities	Sharon%20Tate	Blanc
subject.People.Actors_models_and_celebrities	Vivien%20Leigh	Blanc
subject.People.Performers_and_composers	Anton%C3%ADn%20Dvo%C5%99%C3%A1k	Blanc
subject.People.Performers_and_composers	Antonio%20Vivaldi	Blanc
subject.People.Performers_and_composers	Benjamin%20Britten	Blanc
subject.People.Performers_and_composers	Billie%20Holiday	Peau plus foncée
subject.People.Performers_and_composers	Bob%20Dylan	Blanc
subject.People.Performers_and_composers	Bob%20Marley	Peau plus foncée
subject.People.Performers_and_composers	Bruce%20Springsteen	Blanc
subject.People.Performers_and_composers	Cat%20Stevens	Blanc
subject.People.Performers_and_composers	Celine%20Dion	Blanc
subject.People.Performers_and_composers	Christina%20Aguilera	Blanc
subject.People.Performers_and_composers	Elvis%20Presley	Blanc
subject.People.Performers_and_composers	Eric%20Clapton	Blanc
subject.People.Performers_and_composers	Felix%20Mendelssohn	Blanc
subject.People.Performers_and_composers	Fr%C3%A9d%C3%A9ric%20Chopin	Blanc
subject.People.Performers_and_composers	Franz%20Schubert	Blanc
subject.People.Performers_and_composers	Giuseppe%20Verdi	Blanc
subject.People.Performers_and_composers	Gustav%20Holst	Blanc
subject.People.Performers_and_composers	Henry%20Purcell	Blanc
subject.People.Performers_and_composers	Henry%20Wood%20%28conductor%29	Blanc
subject.People.Performers_and_composers	Hugo%20Wolf	Blanc
subject.People.Performers_and_composers	Igor%20Stravinsky	Blanc
subject.People.Performers_and_composers	Johann%20Pachelbel	Blanc
subject.People.Performers_and_composers	Johann%20Sebastian%20Bach	Blanc
subject.People.Performers_and_composers	Johannes%20Ockeghem	Blanc
subject.People.Performers_and_composers	Joseph%20Haydn	Blanc
subject.People.Performers_and_composers	Kurt%20Cobain	Blanc
subject.People.Performers_and_composers	Kylie%20Minogue	Blanc
subject.People.Performers_and_composers	Louis%20Armstrong	Peau plus foncée
subject.People.Performers_and_composers	Louis%20Jordan	Peau plus foncée
subject.People.Performers_and_composers	Ludwig%20van%20Beethoven	Blanc
subject.People.Performers_and_composers	Marvin%20Gaye	Peau plus foncée
subject.People.Performers_and_composers	Miles%20Davis	Peau plus foncée
subject.People.Performers_and_composers	Neil%20Young	Blanc
subject.People.Performers_and_composers	Niccol%C3%B2%20Paganini	Blanc
subject.People.Performers_and_composers	Nikolai%20Rimsky-Korsakov	Blanc
subject.People.Performers_and_composers	Paul%20McCartney	Blanc
subject.People.Performers_and_composers	Pyotr%20Ilyich%20Tchaikovsky	Blanc
subject.People.Performers_and_composers	Rebecca%20Helferich%20Clarke	Blanc
subject.People.Performers_and_composers	Richard%20Wagner	Blanc
subject.People.Performers_and_composers	Robert%20Schumann	Blanc
subject.People.Performers_and_composers	Selena	Peau plus foncée
subject.People.Performers_and_composers	Tupac%20Shakur	Peau plus foncée
subject.People.Performers_and_composers	Wolfgang%20Amadeus%20Mozart	Blanc
subject.People.Philosophers	Aristotle	Blanc
subject.People.Philosophers	Baruch%20Spinoza	Blanc
subject.People.Philosophers	Bertrand%20Russell	Blanc
subject.People.Philosophers	Confucius	Peau plus foncée (Asiatique)
subject.People.Philosophers	David%20Hume	Blanc
subject.People.Philosophers	Emanuel%20Swedenborg	Blanc
subject.People.Philosophers	Francis%20Bacon	Blanc
subject.People.Philosophers	Friedrich%20Nietzsche	Blanc
subject.People.Philosophers	Henry%20David%20Thoreau	Blanc
subject.People.Philosophers	Immanuel%20Kant	Blanc
subject.People.Philosophers	Jean-Jacques%20Rousseau	Blanc
subject.People.Philosophers	Jerry%20Fodor	Blanc
subject.People.Philosophers	John%20Locke	Blanc
subject.People.Philosophers	Karl%20Popper	Blanc
subject.People.Philosophers	Laozi	Peau plus foncée (Asiatique)
subject.People.Philosophers	Ludwig%20Wittgenstein	Blanc
subject.People.Philosophers	Niccol%C3%B2%20Machiavelli	Blanc
subject.People.Philosophers	Plato	Blanc
subject.People.Philosophers	Ren%C3%A9%20Descartes	Blanc
subject.People.Philosophers	S%C3%B8ren%20Kierkegaard	Blanc
subject.People.Philosophers	Socrates	Blanc
subject.People.Philosophers	Thomas%20Hobbes	Blanc
subject.People.Philosophers	Thomas%20Samuel%20Kuhn	Blanc
subject.People.Human_Scientists	Athanasius%20Kircher	Blanc
subject.People.Human_Scientists	Barbara%20McClintock	Blanc
subject.People.Human_Scientists	Carl%20Jung	Blanc
subject.People.Human_Scientists	Carolus%20Linnaeus	Blanc
subject.People.Human_Scientists	Charles%20Darwin	Blanc
subject.People.Human_Scientists	Claude%20L%C3%A9vi-Strauss	Blanc
subject.People.Human_Scientists	Cyril%20Clarke	Blanc
subject.People.Human_Scientists	Edward%20Jenner	Blanc
subject.People.Human_Scientists	Florence%20Nightingale	Blanc
subject.People.Human_Scientists	Frances%20Oldham%20Kelsey	Blanc
subject.People.Human_Scientists	Francis%20Crick	Blanc
subject.People.Human_Scientists	Georg%20Forster	Blanc
subject.People.Human_Scientists	Gregor%20Mendel	Blanc
subject.People.Human_Scientists	Hippocrates	Blanc
subject.People.Human_Scientists	Idit%20Harel%20Caperton	Blanc
subject.People.Human_Scientists	James%20D.%20Watson	Blanc
subject.People.Human_Scientists	Konrad%20Lorenz	Blanc
subject.People.Human_Scientists	Louis%20Pasteur	Blanc
subject.People.Human_Scientists	Max%20Weber	Blanc
subject.People.Human_Scientists	Michael%20Woodruff	Blanc
subject.People.Human_Scientists	Norman%20Borlaug	Blanc
subject.People.Human_Scientists	Sigmund%20Freud	Blanc
subject.People.Human_Scientists	William%20Harvey	Blanc
subject.People.Computing_People	Bill%20Gates	Blanc
subject.People.Computing_People	Charles%20Babbage	Blanc
subject.People.Computing_People	Dennis%20Ritchie	Blanc
subject.People.Computing_People	Donald%20Knuth	Blanc
subject.People.Computing_People	Jimmy%20Wales	Blanc
subject.People.Computing_People	Linus%20Torvalds	Blanc
subject.People.Computing_People	Richard%20Stallman	Blanc
subject.People.Computing_People	Tim%20Berners-Lee	Blanc
subject.People.Computing_People	Ward%20Cunningham	Blanc
